{
	"format_version": "1.8.0",
	"animations": {
		"animation.gobelin.idle": {
			"loop": true,
			"animation_length": 6,
			"bones": {
				"bone": {
					"rotation": {
						"0.0": {
							"vector": [-2.5, 0, 0]
						},
						"0.75": {
							"vector": [2.5, 0, 0]
						},
						"1.5": {
							"vector": [-2.5, 0, 0]
						},
						"2.25": {
							"vector": [2.5, 0, 0]
						},
						"3.0": {
							"vector": [-2.5, 0, 0]
						},
						"3.2917": {
							"vector": [-2.5, 0, 0],
							"easing": "easeInOutSine"
						},
						"3.75": {
							"vector": [-2.56062, -12.48791, 0.55404],
							"easing": "easeInOutSine"
						},
						"4.5": {
							"vector": [-4.19088, -12.04561, 8.2162]
						},
						"4.7083": {
							"vector": [-3.65468, -12.21667, 5.66508]
						},
						"4.875": {
							"vector": [-4.19088, -12.04561, 8.2162]
						},
						"5.0833": {
							"vector": [-3.65468, -12.21667, 5.66508]
						},
						"6.0": {
							"vector": [-2.5, 0, 0]
						}
					}
				},
				"rightleg": {
					"rotation": {
						"0.0": {
							"vector": [0, 0, 0]
						},
						"6.0": {
							"vector": [0, 0, 0]
						}
					}
				},
				"rightarm": {
					"rotation": {
						"0.0": {
							"vector": [0, 0, 7.5]
						},
						"0.0833": {
							"vector": [8.05556, 0, 7.5]
						},
						"0.4167": {
							"vector": [11.52778, 0, 7.5]
						},
						"0.75": {
							"vector": [5, 0, 7.5]
						},
						"1.1667": {
							"vector": [-12.5, 0, 7.5]
						},
						"1.5": {
							"vector": [0, 0, 7.5]
						},
						"1.5833": {
							"vector": [8.05556, 0, 7.5]
						},
						"1.9167": {
							"vector": [11.52778, 0, 7.5]
						},
						"2.25": {
							"vector": [5, 0, 7.5]
						},
						"2.6667": {
							"vector": [-12.5, 0, 7.5]
						},
						"3.0": {
							"vector": [0, 0, 7.5]
						},
						"3.2917": {
							"vector": [5, 0, 7.5],
							"easing": "easeInOutSine"
						},
						"3.75": {
							"vector": [4.69986, -1.70818, 27.4299],
							"easing": "easeInOutSine"
						},
						"3.9583": {
							"vector": [4.95744, -0.65182, 14.97178],
							"easing": "easeInOutSine"
						},
						"4.25": {
							"vector": [4.99527, -0.21782, 9.9905]
						},
						"4.5": {
							"vector": [-129.97836, 33.69866, -34.80059],
							"easing": "easeInOutSine"
						},
						"4.7083": {
							"vector": [-112.47836, 33.69866, -34.80059],
							"easing": "easeInOutSine"
						},
						"4.9583": {
							"vector": [-134.97836, 33.69866, -34.80059],
							"easing": "easeInOutSine"
						},
						"5.1667": {
							"vector": [-116.10389, 33.69866, -34.80059],
							"easing": "easeInOutSine"
						},
						"5.375": {
							"vector": [-136.5606, 33.69866, -34.80059],
							"easing": "easeInOutSine"
						},
						"6.0": {
							"vector": [0, 0, 7.5]
						}
					}
				},
				"leftarm": {
					"rotation": {
						"0.0": {
							"vector": [0, 0, -5]
						},
						"0.0833": {
							"vector": [0.43833, -0.03835, -0.00015]
						},
						"0.4167": {
							"vector": [12.71916, -0.01917, -2.50007]
						},
						"0.75": {
							"vector": [5, 0, -5]
						},
						"1.1667": {
							"vector": [-18.44303, 1.41675, 3.34187]
						},
						"1.5": {
							"vector": [0, 0, -5]
						},
						"1.9167": {
							"vector": [12.71916, -0.01917, -2.50007]
						},
						"2.25": {
							"vector": [5, 0, -5]
						},
						"2.6667": {
							"vector": [-18.44303, 1.41675, 3.34187]
						},
						"3.0": {
							"vector": [0, 0, -5]
						},
						"3.2917": {
							"vector": [12.5, 0, -5],
							"easing": "easeInOutSine"
						},
						"3.75": {
							"vector": [12.08681, 3.21132, -19.65993],
							"easing": "easeInOutSine"
						},
						"3.9583": {
							"vector": [12.45392, 1.08089, -9.88206],
							"easing": "easeInOutSine"
						},
						"4.25": {
							"vector": [12.48848, 0.54094, -7.44081]
						},
						"6.0": {
							"vector": [0, 0, -5]
						}
					}
				},
				"leftleg": {
					"rotation": {
						"0.0": {
							"vector": [0, 0, 0]
						},
						"6.0": {
							"vector": [0, 0, 0]
						}
					}
				},
				"head": {
					"rotation": {
						"0.0": {
							"vector": [0, 0, 0]
						},
						"0.375": {
							"vector": [-2.5, 0, 0]
						},
						"0.9583": {
							"vector": [5, 0, 0]
						},
						"1.5": {
							"vector": [0, 0, 0]
						},
						"1.875": {
							"vector": [-2.5, 0, 0]
						},
						"2.4583": {
							"vector": [5, 0, 0]
						},
						"3.0": {
							"vector": [0, 0, 0]
						},
						"3.2917": {
							"vector": [-4.76, 0, 0],
							"easing": "easeInOutSine"
						},
						"3.75": {
							"vector": [3.15411, -47.45253, -5.19218],
							"easing": "easeInOutSine"
						},
						"3.9583": {
							"vector": [0.49959, -42.36014, -2.23014],
							"easing": "easeInOutSine"
						},
						"4.25": {
							"vector": [0.5208, -44.86004, -2.26088]
						},
						"4.5": {
							"vector": [-11.66863, -43.6342, 15.13886]
						},
						"5.5": {
							"vector": [-4.87956, -39.47476, 7.17467]
						},
						"6.0": {
							"vector": [0, 0, 0]
						}
					}
				}
			}
		},
		"animation.gobelin.walk": {
			"loop": true,
			"animation_length": 0.5,
			"bones": {
				"bone": {
					"rotation": {
						"0.0": {
							"vector": [0, -7.5, 0]
						},
						"0.125": {
							"vector": [0, 0, 0],
							"easing": "linear"
						},
						"0.25": {
							"vector": [0, 5, 0],
							"easing": "linear"
						},
						"0.375": {
							"vector": [0, 0, 0],
							"easing": "linear"
						},
						"0.5": {
							"vector": [0, -7.5, 0],
							"easing": "linear"
						}
					},
					"position": {
						"0.0": {
							"vector": [0, 1, 0]
						},
						"0.125": {
							"vector": [0, 0, 0],
							"easing": "linear"
						},
						"0.25": {
							"vector": [0, 1, 0],
							"easing": "linear"
						},
						"0.375": {
							"vector": [0, 0, 0],
							"easing": "linear"
						},
						"0.5": {
							"vector": [0, 1, 0],
							"easing": "linear"
						}
					}
				},
				"rightleg": {
					"rotation": {
						"0.0": {
							"vector": [-42.5, 0, 0]
						},
						"0.25": {
							"vector": [50, 0, 0],
							"easing": "linear"
						},
						"0.5": {
							"vector": [-42.5, 0, 0],
							"easing": "linear"
						}
					}
				},
				"rightarm": {
					"rotation": {
						"0.0": {
							"vector": [29.47028, -14.36495, 23.70348]
						},
						"0.25": {
							"vector": [-48.02972, -14.36495, 23.70348],
							"easing": "linear"
						},
						"0.5": {
							"vector": [29.47028, -14.36495, 23.70348],
							"easing": "linear"
						}
					}
				},
				"leftarm": {
					"rotation": {
						"0.0": {
							"vector": [-26.69458, -6.86379, -13.36965]
						},
						"0.25": {
							"vector": [33.30542, -6.86379, -13.36965],
							"easing": "linear"
						},
						"0.5": {
							"vector": [-26.69458, -6.86379, -13.36965],
							"easing": "linear"
						}
					}
				},
				"leftleg": {
					"rotation": {
						"0.0": {
							"vector": [52.5, 0, 0]
						},
						"0.25": {
							"vector": [-42.5, 0, 0],
							"easing": "linear"
						},
						"0.5": {
							"vector": [52.5, 0, 0],
							"easing": "linear"
						}
					}
				},
				"head": {
					"rotation": {
						"0.0": {
							"vector": [2.50954, 4.99523, 0.21865]
						},
						"0.0833": {
							"vector": [-2.5, 0, 0],
							"easing": "linear"
						},
						"0.25": {
							"vector": [7.52832, -4.95712, -0.65426],
							"easing": "linear"
						},
						"0.3333": {
							"vector": [-2.5, 0, 0],
							"easing": "linear"
						},
						"0.5": {
							"vector": [2.50954, 4.99523, 0.21865],
							"easing": "linear"
						}
					}
				}
			}
		},
		"animation.gobelin.attack": {
			"loop": true,
			"animation_length": 0.25,
			"bones": {
				"bone": {
					"rotation": {
						"0.0": {
							"vector": [-2.5, 15, 0]
						},
						"0.125": {
							"vector": [7.3868, -22.4653, 1.64659]
						},
						"0.25": {
							"vector": [2.3868, -22.4653, 1.64659]
						}
					}
				},