{
	"format_version": "1.8.0",
	"animations": {
		"animation.hare.idle": {
			"loop": true,
			"animation_length": 4.54167,
			"bones": {
				"head": {
					"rotation": {
						"0.0": {
							"vector": [10, 0, 0]
						},
						"0.75": {
							"vector": [15, 0, 0]
						},
						"1.5417": {
							"vector": [7.5, 0, 0]
						},
						"1.7083": {
							"vector": [8.64388, -29.7174, -4.30963]
						},
						"2.2083": {
							"vector": [11.14388, -29.7174, -4.30963]
						},
						"2.4167": {
							"vector": [10.42848, 21.97761, 5.20795]
						},
						"3.0": {
							"vector": [0.42848, 21.97761, 5.20795]
						},
						"3.25": {
							"vector": [1.87989, -1.57521, 3.68586]
						},
						"4.5417": {
							"vector": [10, 0, 0]
						}
					}
				}
			}
		},
		"animation.hare.walk": {
			"loop": true,
			"animation_length": 0.375,
			"bones": {
				"bone": {
					"rotation": {
						"0.0": {
							"vector": [12.5, 0, 0]
						},
						"0.25": {
							"vector": [37.5, 0, 0]
						},
						"0.375": {
							"vector": [12.5, 0, 0]
						}
					},
					"position": {
						"0.0": {
							"vector": [0, 0, 2]
						},
						"0.125": {
							"vector": [0, 3, 2]
						},
						"0.25": {
							"vector": [0, 4, 4]
						},
						"0.375": {
							"vector": [0, 0, 2]
						}
					}
				},
				"leftleg": {
					"rotation": {
						"0.0": {
							"vector": [2.79413, 0.33439, 1.64301]
						},
						"0.125": {
							"vector": [50, 0, 0]
						},
						"0.25": {
							"vector": [-27.5, 0, 0]
						},
						"0.375": {
							"vector": [2.79413, 0.33439, 1.64301]
						}
					},
					"position": {
						"0.0": {
							"vector": [0, 0, 0]
						},
						"0.125": {
							"vector": [0, 3, 0]
						},
						"0.375": {
							"vector": [0, 0, 0]
						}
					}
				},
				"rightleh": {
					"rotation": {
						"0.0": {
							"vector": [2.5, 0, 0]
						},
						"0.125": {
							"vector": [57.5, 0, 0]
						},
						"0.25": {
							"vector": [-37.5, 0, 0]
						},
						"0.375": {
							"vector": [2.5, 0, 0]
						}
					},
					"position": {
						"0.0": {
							"vector": [0, 0, 0]
						},
						"0.125": {
							"vector": [0, 3, 0]
						},
						"0.375": {
							"vector": [0, 0, 0]
						}
					}
				},
				"head": {
					"rotation": {
						"0.0": {
							"vector": [7.5, 0, 0]
						},
						"0.125": {
							"vector": [17.5, 0, 0]
						},
						"0.25": {
							"vector": [-10, 0, 0]
						},
						"0.375": {
							"vector": [7.5, 0, 0]
						}
					},
					"position": {
						"0.0": {
							"vector": [0, -1, 0]
						},
						"0.125": {
							"vector": [0, 2, -1]
						},
						"0.25": {
							"vector": [0, 0, -1]
						},
						"0.375": {
							"vector": [0, -1, 0]
						}
					}
				}
			}
		}
	},
	"geckolib_format_version": 2
}