{
	"format_version": "1.8.0",
	"animations": {
		"walking2": {
			"loop": true,
			"animation_length": 1.29167,
			"bones": {
				"left_leg": {
					"rotation": {
						"0.0": [0, 0, 0],
						"0.5417": [-15, 0, 0],
						"1.25": [12.5, 0, 0]
					}
				},
				"right_leg": {
					"rotation": {
						"0.0": [0, 0, 0],
						"0.5417": [15, 0, 0],
						"1.25": [-17.5, 0, 0]
					}
				},
				"thing_left": {
					"scale": [0, 1, 1]
				},
				"thing_left2": {
					"scale": [0, 1, 1]
				},
				"thing_right": {
					"scale": [0, 1, 1]
				},
				"left_arm": {
					"rotation": [-115, 0, 0]
				},
				"right_arm": {
					"rotation": [-112.5, 0, 0]
				}
			}
		},
		"magic": {
			"animation_length": 2.125,
			"bones": {
				"left_arm": {
					"rotation": {
						"0.0": [0, 0, 0],
						"0.4583": [-180, 0, 17.5],
						"1.0": [-195, 0, 17.5],
						"1.5": [-167.5, 0, 17.5],
						"2.0": [0, 0, 0]
					}
				},
				"right_arm": {
					"rotation": {
						"0.0": [0, 0, 0],
						"0.4583": [-180, 0, -17.5],
						"1.0": [-160, 0, -17.5],
						"1.5": [-192.5, 0, -17.5],
						"2.0": [0, 0, 0]
					}
				},
				"thing_left": {
					"scale": {
						"0.0": [0, 1, 1],
						"0.5417": [1, 1, 1]
					}
				},
				"thing_right": {
					"scale": {
						"0.0": [0, 1, 0],
						"0.5417": [1, 1, 1]
					}
				}
			}
		},
		"magic2": {
			"animation_length": 3.29167,
			"bones": {
				"left_arm": {
					"rotation": {
						"0.0": [0, 0, 0],
						"0.4583": [-180, 0, 17.5],
						"1.0": [-195, 0, 17.5],
						"1.5": [-167.5, 0, 17.5],
						"2.0417": [-167.91319, 3.21132, 2.84007],
						"2.8333": [-58.12204, 3.21132, 2.84007],
						"3.125": [0, 0, 0]
					}
				},
				"right_arm": {
					"rotation": {
						"0.0": [0, 0, 0],
						"0.4583": [-180, 0, -17.5],
						"1.0": [-160, 0, -17.5],
						"1.5": [-192.5, 0, -17.5],
						"2.0833": [-179.77105, 3.34196, -2.18174],
						"2.8333": [0, 0, 0]
					}
				}
			}
		},
		"idle": {
			"animation_length": 0.29167,
			"bones": {
				"thing_left": {
					"scale": [0, 1, 1]
				},
				"thing_right": {
					"scale": [0, 1, 1]
				}
			}
		},
		"dead": {
			"animation_length": 1.33333,
			"bones": {
				"head": {
					"position": [0, -98, 0],
					"scale": [0, 0, 1]
				},
				"nose": {
					"position": [0, -157, 0],
					"scale": [0, 0, 0.9]
				},
				"body": {
					"position": [0, -162, 0],
					"scale": [0, 0, 1]
				},
				"arms": {
					"position": [0, -202, 0]
				},
				"left_arm": {
					"position": [0, -190, 0],
					"scale": [1, 0, 0]
				},
				"right_arm": {
					"position": [0, -110, 0],
					"scale": [1, 0, 0]
				},
				"left_leg": {
					"position": [0, -112, 0],
					"scale": [0, 0, 1]
				},
				"right_leg": {
					"position": [0, -89, 0],
					"scale": [0, -0.1, 1]
				}
			}
		},
		"death": {
			"animation_length": 5.08333,
			"bones": {
				"head": {
					"rotation": {
						"0.0": [0, 0, 0],
						"1.0": [-32.5, 0, 0]
					},
					"position": {
						"0.0": [0, 0, 0],
						"1.0": [0, -1, 5]
					}
				},
				"body": {
					"rotation": {
						"0.0": [0, 0, 0],
						"1.0": [-17.5, 0, 0]
					},
					"position": {
						"0.0": [0, 0, 0],
						"1.0": [0, 0, 5]
					}
				},
				"left_arm": {
					"rotation": {
						"0.0": [0, 0, 0],
						"1.0": [-195, 0, 0],
						"1.625": [-190.49121, 6.8084, 34.79704],
						"2.2083": [-191.8949, 0.8012, 6.21457],
						"2.7917": [-190.36928, 5.80324, 31.31909]
					},
					"position": {
						"0.0": [0, 0, 0],
						"1.0": [0, 0, 3]
					}
				},
				"right_arm": {
					"rotation": {
						"0.0": [0, 0, 0],
						"1.0": [-222.5, 0, 0],
						"1.5": [-219.70027, -12.4566, -14.95078],
						"2.2083": [-221.13423, -2.7757, -3.57669],
						"2.7917": [-216.4515, -20.29947, -25.56566]
					},
					"position": {
						"0.0": [0, 0, 0],
						"1.0": [0, 0, 4]
					}
				},
				"left_leg": {
					"rotation": [0, 0, 0],
					"position": [0, 0, 0]
				},
				"right_leg": {
					"rotation": [-0.49583, 0.91903, -2.27547],
					"position": [0, 0, 0]
				}
			}
		},
		"stuff": {
			"animation_length": 3.04167,
			"bones": {
				"left_arm": {
					"rotation": {
						"0.0": [0, 0, 0],
						"0.5417": [-120, 0, 0],
						"2.0417": [-120, 0, 0],
						"2.9167": [0, 0, 0]
					}
				},
				"thing_left": {
					"rotation": {
						"0.0": [0, 0, 0],
						"1.0833": [37.5, 0, 0],
						"1.625": [-29.28054, 37.12482, -80.57795]
					},
					"position": {
						"0.0": [0, 0, 0],
						"1.0833": [-12, -3, 13],
						"2.0417": [-12, -8, -1],
						"2.5417": [0, 0, 0]
					}
				},
				"thing_left2": {
					"rotation": [0, 0, 0],
					"position": [0, 0, 0]
				},
				"right_arm": {
					"rotation": {
						"0.0": [0, 0, 0],
						"0.5417": [-80, 0, 0],
						"2.0417": [-125, 0, 0],
						"2.5417": [-80.52368, -28.02432, 21.88151],
						"2.9167": [0, 0, 0]
					}
				},
				"thing_right": {
					"rotation": [0, 0, 0],
					"position": [0, 0, 0]
				}
			}
		},
		"stuff2": {
			"animation_length": 2.16667,
			"bones": {
				"left_arm": {
					"rotation": {
						"0.0": [0, 0, 0],
						"0.5417": [-120, 0, 0],
						"1.25": [-120, 0, 0],
						"2.0417": [0, 0, 0]
					}
				},
				"thing_left": {
					"rotation": {
						"0.0": [0, 0, 0],
						"0.5": [37.5, 0, 0],
						"1.0417": [-29.28054, 37.12482, -80.57795]
					},
					"position": {
						"0.0": [0, 0, 0],
						"0.5": [-12, -3, 13],
						"1.4583": [-12, -8, -1],
						"2.0417": [0, 0, 0]
					}
				},
				"thing_left2": {
					"rotation": [0, 0, 0],
					"position": [0, 0, 0]
				},
				"right_arm": {
					"rotation": {
						"0.0": [0, 0, 0],
						"0.5417": [-80, 0, 0],
						"1.0417": [-125, 0, 0],
						"1.5": [-80.52368, -28.02432, 21.88151],
						"2.0417": [0, 0, 0]
					}
				},
				"thing_right": {
					"rotation": [0, 0, 0],
					"position": [0, 0, 0]
				}
			}
		},
		"hit": {
			"animation_length": 0.625,
			"bones": {
				"left_arm": {
					"rotation": {
						"0.2083": [-120, 0, 0],
						"0.5833": [-70, 0, 0]
					}
				},
				"thing_left": {
					"scale": [0, 1, 1]
				},
				"right_arm": {
					"rotation": {
						"0.2083": [-115, 0, 0],
						"0.5417": [-72.5, 0, 0]
					}
				},
				"thing_right": {
					"scale": [0, 1, 1]
				}
			}
		},
		"cidle": {
			"animation_length": 0.33333,
			"bones": {
				"left_arm": {
					"rotation": [-110, 0, 0]
				},
				"thing_left": {
					"scale": [0, 1, 1]
				},
				"right_arm": {
					"rotation": [-112.5, 0, 0]
				},
				"thing_right": {
					"scale": [0, 1, 1]
				}
			}
		},
		"walking": {
			"loop": true,
			"animation_length": 1.04167,
			"bones": {
				"body": {
					"rotation": [0, 0, 0]
				},
				"cape": {
					"rotation": {
						"0.0": [0, 0, 0],
						"0.2917": [40, 0, 0],
						"0.9583": [0, 0, 0]
					}
				},
				"thing_left": {
					"scale": [0, 1, 1]
				},
				"thing_right": {
					"scale": [0, 1, 1]
				},
				"left_leg": {
					"rotation": {
						"0.0": [-10, 0, 0],
						"0.625": [15, 0, 0],
						"1.0": [-7.5, 0, 0]
					}
				},
				"right_leg": {
					"rotation": {
						"0.0": [15, 0, 0],
						"0.625": [-10, 0, 0],
						"1.0": [12.5, 0, 0]
					}
				}
			}
		}
	},
	"geckolib_format_version": 2
}