{
	"format_version": "1.8.0",
	"animations": {
		"idle": {
			"animation_length": 0.45833
		},
		"walk": {
			"loop": true,
			"animation_length": 1.25,
			"bones": {
				"left_leg": {
					"rotation": {
						"0.0": [20, 0, 0],
						"0.625": [-15, 0, 0],
						"1.2083": [20, 0, 0]
					}
				},
				"right_leg": {
					"rotation": {
						"0.0": [-12.5, 0, 0],
						"0.625": [20, 0, 0],
						"1.2083": [-15, 0, 0]
					}
				}
			}
		},
		"attack": {
			"animation_length": 0.75,
			"bones": {
				"left_arm": {
					"rotation": {
						"0.0": [0, 0, 0],
						"0.375": [-87.5, 0, 0],
						"0.6667": [-87.20926, 25.88629, 1.22033]
					}
				},
				"right_arm": {
					"rotation": {
						"0.0": [0, 0, 0],
						"0.375": [-87.5, 0, 0],
						"0.6667": [-87.05407, -29.79021, -1.47379]
					}
				}
			}
		}
	},
	"geckolib_format_version": 2
}